{
    "input_dir" : "./data/data_raw-2002",
    "output_dir": "./data/data-2002",
    "capacity_1":1.1682465754678737e-09,
    "capacity_2":1.3560523228454391e-09,
    "offset_1": 0.010159781877431426,
    "offset_2": -0.019987947186552155,
    "R_1":470,
    "R_2":470,
    "probes" : [1],
    "columns1":[0,1,2],
    "columns2":[0,1,2],
    "params": {},
    "fits": [
        {
            "id":"170215002",
            "zones":[-55,-15,30],
            "bins":[100,100],
            "ampl_scheda":7.41,
            "ampl_res":1,
            "n_fit_iter":50,
            "W_em": 20,
            "P": 6.38e-5,
            "I_B":600,
            "x": 0
        }
    ]
}
